{"cameraMode":{"drawMode":0,"name":"Shaded","section":"Shading Mode"},"sceneLighting":true,"audioPlay":false,"sceneViewState":{"showFog":true,"showMaterialUpdate":false,"showSkybox":true,"showFlares":true,"showImageEffects":true,"showParticleSystems":true},"in2DMode":false,"pivot":{"x":46.500244140625,"y":40.8828125,"z":-11.87890625},"rotation":{"x":-0.08710089325904846,"y":-0.04719875752925873,"z":0.004201039671897888,"w":-0.9951112270355225},"size":25.363454818725587,"orthographic":true}