{"cameraMode":{"drawMode":0,"name":"Shaded","section":"Shading Mode"},"sceneLighting":false,"audioPlay":false,"sceneViewState":{"showFog":true,"showMaterialUpdate":true,"showSkybox":false,"showFlares":true,"showImageEffects":true,"showParticleSystems":true},"in2DMode":false,"pivot":{"x":225.84934997558595,"y":455.721923828125,"z":0.0},"rotation":{"x":0.02666446939110756,"y":-0.04137632995843887,"z":-0.0011072669876739383,"w":-0.9987918138504028},"size":452.5286560058594,"orthographic":false}