{"cameraMode":{"drawMode":0,"name":"Shaded","section":"Shading Mode"},"sceneLighting":true,"audioPlay":false,"sceneViewState":{"showFog":true,"showMaterialUpdate":true,"showSkybox":true,"showFlares":true,"showImageEffects":true,"showParticleSystems":true},"in2DMode":false,"pivot":{"x":507.6949768066406,"y":391.66357421875,"z":116.6065673828125},"rotation":{"x":-0.05427875742316246,"y":0.012578238733112812,"z":-0.0006864194292575121,"w":-0.998451292514801},"size":417.68023681640627,"orthographic":false}