{"cameraMode":{"drawMode":0,"name":"Shaded","section":"Shading Mode"},"sceneLighting":false,"audioPlay":false,"sceneViewState":{"showFog":true,"showMaterialUpdate":true,"showSkybox":false,"showFlares":true,"showImageEffects":true,"showParticleSystems":true},"in2DMode":false,"pivot":{"x":306.23748779296877,"y":489.8414306640625,"z":0.0},"rotation":{"x":-0.05427875742316246,"y":0.012578238733112812,"z":-0.0006864194292575121,"w":-0.998451292514801},"size":311.5926208496094,"orthographic":false}