{"cameraMode":{"drawMode":0,"name":"Shaded","section":"Shading Mode"},"sceneLighting":true,"audioPlay":false,"sceneViewState":{"showFog":true,"showMaterialUpdate":false,"showSkybox":true,"showFlares":true,"showImageEffects":true,"showParticleSystems":true},"in2DMode":false,"pivot":{"x":424.0898132324219,"y":245.6106719970703,"z":-15.05780029296875},"rotation":{"x":-0.00030868707108311355,"y":-0.0009033954120241106,"z":-0.0000030675882953801194,"w":-1.0000134706497193},"size":391.2027893066406,"orthographic":false}